typeCode,freqCode,refPeriodId,refYear,refMonth,period,reporterCode,reporterISO,reporterDesc,flowCode,flowDesc,partnerCode,partnerISO,partnerDesc,partner2Code,partner2ISO,partner2Desc,classificationCode,classificationSearchCode,isOriginalClassification,cmdCode,cmdDesc,aggrLevel,isLeaf,customsCode,customsDesc,mosCode,motCode,motDesc,qtyUnitCode,qtyUnitAbbr,qty,isQtyEstimated,altQtyUnitCode,altQtyUnitAbbr,altQty,isAltQtyEstimated,netWgt,isNetWgtEstimated,grossWgt,isGrossWgtEstimated,cifvalue,fobvalue,primaryValue,legacyEstimationFlag,isReported,isAggregate
C,A,20220101,2022,52,2022,842,USA,USA,M,Import,191,HRV,Croatia,0,W00,World,H6,HS,True,TOTAL,All Commodities,0,False,C00,TOTAL CPC,0,0,TOTAL MOT,-1,N/A,0.0,False,-1,N/A,0.0,False,0.0,True,0.0,False,889962538.0,861057507.0,889962538.0,4,False,True
C,A,20220101,2022,52,2022,842,USA,USA,M,Import,324,GIN,Guinea,0,W00,World,H6,HS,True,TOTAL,All Commodities,0,False,C00,TOTAL CPC,0,0,TOTAL MOT,-1,N/A,0.0,False,-1,N/A,0.0,False,0.0,True,0.0,False,8349854.0,7381573.0,8349854.0,4,False,True
C,A,20220101,2022,52,2022,842,USA,USA,M,Import,484,MEX,Mexico,0,W00,World,H6,HS,True,TOTAL,All Commodities,0,False,C00,TOTAL CPC,0,0,TOTAL MOT,-1,N/A,0.0,False,-1,N/A,0.0,False,0.0,True,0.0,False,459177656357.0,454902693205.0,459177656357.0,4,False,True
C,A,20220101,2022,52,2022,842,USA,USA,M,Import,834,TZA,United Rep. of Tanzania,0,W00,World,H6,HS,True,TOTAL,All Commodities,0,False,C00,TOTAL CPC,0,0,TOTAL MOT,-1,N/A,0.0,False,-1,N/A,0.0,False,0.0,True,0.0,False,170001071.0,164011244.0,170001071.0,4,False,True
C,A,20220101,2022,52,2022,842,USA,USA,M,Import,404,KEN,Kenya,0,W00,World,H6,HS,True,TOTAL,All Commodities,0,False,C00,TOTAL CPC,0,0,TOTAL MOT,-1,N/A,0.0,False,-1,N/A,0.0,False,0.0,True,0.0,False,924677831.0,892605559.0,924677831.0,4,False,True
C,A,20220101,2022,52,2022,842,USA,USA,M,Import,270,GMB,Gambia,0,W00,World,H6,HS,True,TOTAL,All Commodities,0,False,C00,TOTAL CPC,0,0,TOTAL MOT,-1,N/A,0.0,False,-1,N/A,0.0,False,0.0,True,0.0,False,1509031.0,1406479.0,1509031.0,4,False,True
C,A,20220101,2022,52,2022,842,USA,USA,M,Import,612,PCN,Pitcairn,0,W00,World,H6,HS,True,TOTAL,All Commodities,0,False,C00,TOTAL CPC,0,0,TOTAL MOT,-1,N/A,0.0,False,-1,N/A,0.0,False,0.0,True,0.0,False,514705.0,506661.0,514705.0,4,False,True
C,A,20220101,2022,52,2022,842,USA,USA,M,Import,504,MAR,Morocco,0,W00,World,H6,HS,True,TOTAL,All Commodities,0,False,C00,TOTAL CPC,0,0,TOTAL MOT,-1,N/A,0.0,False,-1,N/A,0.0,False,0.0,True,0.0,False,1798590688.0,1701224878.0,1798590688.0,4,False,True
C,A,20220101,2022,52,2022,842,USA,USA,M,Import,583,FSM,FS Micronesia,0,W00,World,H6,HS,True,TOTAL,All Commodities,0,False,C00,TOTAL CPC,0,0,TOTAL MOT,-1,N/A,0.0,False,-1,N/A,0.0,False,0.0,True,0.0,False,2297250.0,2163571.0,2297250.0,4,False,True
C,A,20220101,2022,52,2022,842,USA,USA,M,Import,344,HKG,"China, Hong Kong SAR",0,W00,World,H6,HS,True,TOTAL,All Commodities,0,False,C00,TOTAL CPC,0,0,TOTAL MOT,-1,N/A,0.0,False,-1,N/A,0.0,False,0.0,True,0.0,False,4934094601.0,4799221670.0,4934094601.0,4,False,True
C,A,20220101,2022,52,2022,842,USA,USA,M,Import,144,LKA,Sri Lanka,0,W00,World,H6,HS,True,TOTAL,All Commodities,0,False,C00,TOTAL CPC,0,0,TOTAL MOT,-1,N/A,0.0,False,-1,N/A,0.0,False,0.0,True,0.0,False,3644613144.0,3414529950.0,3644613144.0,4,False,True
C,A,20220101,2022,52,2022,842,USA,USA,M,Import,598,PNG,Papua New Guinea,0,W00,World,H6,HS,True,TOTAL,All Commodities,0,False,C00,TOTAL CPC,0,0,TOTAL MOT,-1,N/A,0.0,False,-1,N/A,0.0,False,0.0,True,0.0,False,76278685.0,73257893.0,76278685.0,4,False,True
C,A,20220101,2022,52,2022,842,USA,USA,M,Import,762,TJK,Tajikistan,0,W00,World,H6,HS,True,TOTAL,All Commodities,0,False,C00,TOTAL CPC,0,0,TOTAL MOT,-1,N/A,0.0,False,-1,N/A,0.0,False,0.0,True,0.0,False,1500435.0,1417199.0,1500435.0,4,False,True
C,A,20220101,2022,52,2022,842,USA,USA,M,Import,152,CHL,Chile,0,W00,World,H6,HS,True,TOTAL,All Commodities,0,False,C00,TOTAL CPC,0,0,TOTAL MOT,-1,N/A,0.0,False,-1,N/A,0.0,False,0.0,True,0.0,False,16801402284.0,15589848474.0,16801402284.0,4,False,True
C,A,20220101,2022,52,2022,842,USA,USA,M,Import,212,DMA,Dominica,0,W00,World,H6,HS,True,TOTAL,All Commodities,0,False,C00,TOTAL CPC,0,0,TOTAL MOT,-1,N/A,0.0,False,-1,N/A,0.0,False,0.0,True,0.0,False,1607897.0,1562321.0,1607897.0,4,False,True
C,A,20220101,2022,52,2022,842,USA,USA,M,Import,328,GUY,Guyana,0,W00,World,H6,HS,True,TOTAL,All Commodities,0,False,C00,TOTAL CPC,0,0,TOTAL MOT,-1,N/A,0.0,False,-1,N/A,0.0,False,0.0,True,0.0,False,2886021146.0,2818030473.0,2886021146.0,4,False,True
C,A,20220101,2022,52,2022,842,USA,USA,M,Import,876,WLF,Wallis and Futuna Isds,0,W00,World,H6,HS,True,TOTAL,All Commodities,0,False,C00,TOTAL CPC,0,0,TOTAL MOT,-1,N/A,0.0,False,-1,N/A,0.0,False,0.0,True,0.0,False,116449.0,107901.0,116449.0,4,False,True
C,A,20220101,2022,52,2022,842,USA,USA,M,Import,854,BFA,Burkina Faso,0,W00,World,H6,HS,True,TOTAL,All Commodities,0,False,C00,TOTAL CPC,0,0,TOTAL MOT,-1,N/A,0.0,False,-1,N/A,0.0,False,0.0,True,0.0,False,6709647.0,6450196.0,6709647.0,4,False,True
C,A,20220101,2022,52,2022,842,USA,USA,M,Import,862,VEN,Venezuela,0,W00,World,H6,HS,True,TOTAL,All Commodities,0,False,C00,TOTAL CPC,0,0,TOTAL MOT,-1,N/A,0.0,False,-1,N/A,0.0,False,0.0,True,0.0,False,449311529.0,413002818.0,449311529.0,4,False,True
C,A,20220101,2022,52,2022,842,USA,USA,M,Import,364,IRN,Iran,0,W00,World,H6,HS,True,TOTAL,All Commodities,0,False,C00,TOTAL CPC,0,0,TOTAL MOT,-1,N/A,0.0,False,-1,N/A,0.0,False,0.0,True,0.0,False,11226950.0,11180647.0,11226950.0,4,False,True
C,A,20220101,2022,52,2022,842,USA,USA,M,Import,124,CAN,Canada,0,W00,World,H6,HS,True,TOTAL,All Commodities,0,False,C00,TOTAL CPC,0,0,TOTAL MOT,-1,N/A,0.0,False,-1,N/A,0.0,False,0.0,True,0.0,False,446623933605.0,436018643611.0,446623933605.0,4,False,True
C,A,20220101,2022,52,2022,842,USA,USA,M,Import,104,MMR,Myanmar,0,W00,World,H6,HS,True,TOTAL,All Commodities,0,False,C00,TOTAL CPC,0,0,TOTAL MOT,-1,N/A,0.0,False,-1,N/A,0.0,False,0.0,True,0.0,False,1135525078.0,1068975293.0,1135525078.0,4,False,True
C,A,20220101,2022,52,2022,842,USA,USA,M,Import,826,GBR,United Kingdom,0,W00,World,H6,HS,True,TOTAL,All Commodities,0,False,C00,TOTAL CPC,0,0,TOTAL MOT,-1,N/A,0.0,False,-1,N/A,0.0,False,0.0,True,0.0,False,64745551328.0,63357944124.0,64745551328.0,4,False,True
C,A,20220101,2022,52,2022,842,USA,USA,M,Import,96,BRN,Brunei Darussalam,0,W00,World,H6,HS,True,TOTAL,All Commodities,0,False,C00,TOTAL CPC,0,0,TOTAL MOT,-1,N/A,0.0,False,-1,N/A,0.0,False,0.0,True,0.0,False,91772888.0,90335326.0,91772888.0,4,False,True
C,A,20220101,2022,52,2022,842,USA,USA,M,Import,512,OMN,Oman,0,W00,World,H6,HS,True,TOTAL,All Commodities,0,False,C00,TOTAL CPC,0,0,TOTAL MOT,-1,N/A,0.0,False,-1,N/A,0.0,False,0.0,True,0.0,False,2981322620.0,2727684769.0,2981322620.0,4,False,True
C,A,20220101,2022,52,2022,842,USA,USA,M,Import,498,MDA,Rep. of Moldova,0,W00,World,H6,HS,True,TOTAL,All Commodities,0,False,C00,TOTAL CPC,0,0,TOTAL MOT,-1,N/A,0.0,False,-1,N/A,0.0,False,0.0,True,0.0,False,98023323.0,91575238.0,98023323.0,4,False,True
C,A,20220101,2022,52,2022,842,USA,USA,M,Import,798,TUV,Tuvalu,0,W00,World,H6,HS,True,TOTAL,All Commodities,0,False,C00,TOTAL CPC,0,0,TOTAL MOT,-1,N/A,0.0,False,-1,N/A,0.0,False,0.0,True,0.0,False,203909.0,193309.0,203909.0,4,False,True
C,A,20220101,2022,52,2022,842,USA,USA,M,Import,520,NRU,Nauru,0,W00,World,H6,HS,True,TOTAL,All Commodities,0,False,C00,TOTAL CPC,0,0,TOTAL MOT,-1,N/A,0.0,False,-1,N/A,0.0,False,0.0,True,0.0,False,2586448.0,2528009.0,2586448.0,4,False,True
C,A,20220101,2022,52,2022,842,USA,USA,M,Import,410,KOR,Rep. of Korea,0,W00,World,H6,HS,True,TOTAL,All Commodities,0,False,C00,TOTAL CPC,0,0,TOTAL MOT,-1,N/A,0.0,False,-1,N/A,0.0,False,0.0,True,0.0,False,120859256396.0,115325529001.0,120859256396.0,4,False,True
C,A,20220101,2022,52,2022,842,USA,USA,M,Import,776,TON,Tonga,0,W00,World,H6,HS,True,TOTAL,All Commodities,0,False,C00,TOTAL CPC,0,0,TOTAL MOT,-1,N/A,0.0,False,-1,N/A,0.0,False,0.0,True,0.0,False,4248987.0,3395665.0,4248987.0,4,False,True
C,A,20220101,2022,52,2022,842,USA,USA,M,Import,292,GIB,Gibraltar,0,W00,World,H6,HS,True,TOTAL,All Commodities,0,False,C00,TOTAL CPC,0,0,TOTAL MOT,-1,N/A,0.0,False,-1,N/A,0.0,False,0.0,True,0.0,False,2452379.0,2418479.0,2452379.0,4,False,True
C,A,20220101,2022,52,2022,842,USA,USA,M,Import,690,SYC,Seychelles,0,W00,World,H6,HS,True,TOTAL,All Commodities,0,False,C00,TOTAL CPC,0,0,TOTAL MOT,-1,N/A,0.0,False,-1,N/A,0.0,False,0.0,True,0.0,False,14598292.0,12412478.0,14598292.0,4,False,True
C,A,20220101,2022,52,2022,842,USA,USA,M,Import,524,NPL,Nepal,0,W00,World,H6,HS,True,TOTAL,All Commodities,0,False,C00,TOTAL CPC,0,0,TOTAL MOT,-1,N/A,0.0,False,-1,N/A,0.0,False,0.0,True,0.0,False,143253995.0,132415999.0,143253995.0,4,False,True
C,A,20220101,2022,52,2022,842,USA,USA,M,Import,620,PRT,Portugal,0,W00,World,H6,HS,True,TOTAL,All Commodities,0,False,C00,TOTAL CPC,0,0,TOTAL MOT,-1,N/A,0.0,False,-1,N/A,0.0,False,0.0,True,0.0,False,6466332634.0,6160905532.0,6466332634.0,4,False,True
C,A,20220101,2022,52,2022,842,USA,USA,M,Import,422,LBN,Lebanon,0,W00,World,H6,HS,True,TOTAL,All Commodities,0,False,C00,TOTAL CPC,0,0,TOTAL MOT,-1,N/A,0.0,False,-1,N/A,0.0,False,0.0,True,0.0,False,221345373.0,211466936.0,221345373.0,4,False,True
C,A,20220101,2022,52,2022,842,USA,USA,M,Import,500,MSR,Montserrat,0,W00,World,H6,HS,True,TOTAL,All Commodities,0,False,C00,TOTAL CPC,0,0,TOTAL MOT,-1,N/A,0.0,False,-1,N/A,0.0,False,0.0,True,0.0,False,1667851.0,1485528.0,1667851.0,4,False,True
C,A,20220101,2022,52,2022,842,USA,USA,M,Import,231,ETH,Ethiopia,0,W00,World,H6,HS,True,TOTAL,All Commodities,0,False,C00,TOTAL CPC,0,0,TOTAL MOT,-1,N/A,0.0,False,-1,N/A,0.0,False,0.0,True,0.0,False,746450503.0,716724251.0,746450503.0,4,False,True
C,A,20220101,2022,52,2022,842,USA,USA,M,Import,682,SAU,Saudi Arabia,0,W00,World,H6,HS,True,TOTAL,All Commodities,0,False,C00,TOTAL CPC,0,0,TOTAL MOT,-1,N/A,0.0,False,-1,N/A,0.0,False,0.0,True,0.0,False,24149320152.0,23461489060.0,24149320152.0,4,False,True
C,A,20220101,2022,52,2022,842,USA,USA,M,Import,32,ARG,Argentina,0,W00,World,H6,HS,True,TOTAL,All Commodities,0,False,C00,TOTAL CPC,0,0,TOTAL MOT,-1,N/A,0.0,False,-1,N/A,0.0,False,0.0,True,0.0,False,7291538762.0,6937553703.0,7291538762.0,4,False,True
C,A,20220101,2022,52,2022,842,USA,USA,M,Import,528,NLD,Netherlands,0,W00,World,H6,HS,True,TOTAL,All Commodities,0,False,C00,TOTAL CPC,0,0,TOTAL MOT,-1,N/A,0.0,False,-1,N/A,0.0,False,0.0,True,0.0,False,35602485839.0,34532018166.0,35602485839.0,4,False,True
C,A,20220101,2022,52,2022,842,USA,USA,M,Import,724,ESP,Spain,0,W00,World,H6,HS,True,TOTAL,All Commodities,0,False,C00,TOTAL CPC,0,0,TOTAL MOT,-1,N/A,0.0,False,-1,N/A,0.0,False,0.0,True,0.0,False,24303594892.0,23058872227.0,24303594892.0,4,False,True
C,A,20220101,2022,52,2022,842,USA,USA,M,Import,454,MWI,Malawi,0,W00,World,H6,HS,True,TOTAL,All Commodities,0,False,C00,TOTAL CPC,0,0,TOTAL MOT,-1,N/A,0.0,False,-1,N/A,0.0,False,0.0,True,0.0,False,57147283.0,54005871.0,57147283.0,4,False,True
C,A,20220101,2022,52,2022,842,USA,USA,M,Import,222,SLV,El Salvador,0,W00,World,H6,HS,True,TOTAL,All Commodities,0,False,C00,TOTAL CPC,0,0,TOTAL MOT,-1,N/A,0.0,False,-1,N/A,0.0,False,0.0,True,0.0,False,3037368420.0,2900525495.0,3037368420.0,4,False,True
C,A,20220101,2022,52,2022,842,USA,USA,M,Import,478,MRT,Mauritania,0,W00,World,H6,HS,True,TOTAL,All Commodities,0,False,C00,TOTAL CPC,0,0,TOTAL MOT,-1,N/A,0.0,False,-1,N/A,0.0,False,0.0,True,0.0,False,6938549.0,6185576.0,6938549.0,4,False,True
C,A,20220101,2022,52,2022,842,USA,USA,M,Import,360,IDN,Indonesia,0,W00,World,H6,HS,True,TOTAL,All Commodities,0,False,C00,TOTAL CPC,0,0,TOTAL MOT,-1,N/A,0.0,False,-1,N/A,0.0,False,0.0,True,0.0,False,37263064591.0,34566682337.0,37263064591.0,4,False,True
C,A,20220101,2022,52,2022,842,USA,USA,M,Import,579,NOR,Norway,0,W00,World,H6,HS,True,TOTAL,All Commodities,0,False,C00,TOTAL CPC,0,0,TOTAL MOT,-1,N/A,0.0,False,-1,N/A,0.0,False,0.0,True,0.0,False,6964798730.0,6665089625.0,6964798730.0,4,False,True
C,A,20220101,2022,52,2022,842,USA,USA,M,Import,31,AZE,Azerbaijan,0,W00,World,H6,HS,True,TOTAL,All Commodities,0,False,C00,TOTAL CPC,0,0,TOTAL MOT,-1,N/A,0.0,False,-1,N/A,0.0,False,0.0,True,0.0,False,184789232.0,173378985.0,184789232.0,4,False,True
C,A,20220101,2022,52,2022,842,USA,USA,M,Import,86,IOT,Br. Indian Ocean Terr.,0,W00,World,H6,HS,True,TOTAL,All Commodities,0,False,C00,TOTAL CPC,0,0,TOTAL MOT,-1,N/A,0.0,False,-1,N/A,0.0,False,0.0,True,0.0,False,414352.0,392163.0,414352.0,4,False,True
C,A,20220101,2022,52,2022,842,USA,USA,M,Import,8,ALB,Albania,0,W00,World,H6,HS,True,TOTAL,All Commodities,0,False,C00,TOTAL CPC,0,0,TOTAL MOT,-1,N/A,0.0,False,-1,N/A,0.0,False,0.0,True,0.0,False,152133954.0,144991047.0,152133954.0,4,False,True
C,A,20220101,2022,52,2022,842,USA,USA,M,Import,188,CRI,Costa Rica,0,W00,World,H6,HS,True,TOTAL,All Commodities,0,False,C00,TOTAL CPC,0,0,TOTAL MOT,-1,N/A,0.0,False,-1,N/A,0.0,False,0.0,True,0.0,False,9109416727.0,8750584953.0,9109416727.0,4,False,True
C,A,20220101,2022,52,2022,842,USA,USA,M,Import,242,FJI,Fiji,0,W00,World,H6,HS,True,TOTAL,All Commodities,0,False,C00,TOTAL CPC,0,0,TOTAL MOT,-1,N/A,0.0,False,-1,N/A,0.0,False,0.0,True,0.0,False,383514564.0,287317028.0,383514564.0,4,False,True
C,A,20220101,2022,52,2022,842,USA,USA,M,Import,156,CHN,China,0,W00,World,H6,HS,True,TOTAL,All Commodities,0,False,C00,TOTAL CPC,0,0,TOTAL MOT,-1,N/A,0.0,False,-1,N/A,0.0,False,0.0,True,0.0,False,575688091172.0,536732471721.0,575688091172.0,4,False,True
C,A,20220101,2022,52,2022,842,USA,USA,M,Import,496,MNG,Mongolia,0,W00,World,H6,HS,True,TOTAL,All Commodities,0,False,C00,TOTAL CPC,0,0,TOTAL MOT,-1,N/A,0.0,False,-1,N/A,0.0,False,0.0,True,0.0,False,27242189.0,26558467.0,27242189.0,4,False,True
C,A,20220101,2022,52,2022,842,USA,USA,M,Import,728,SSD,South Sudan,0,W00,World,H6,HS,True,TOTAL,All Commodities,0,False,C00,TOTAL CPC,0,0,TOTAL MOT,-1,N/A,0.0,False,-1,N/A,0.0,False,0.0,True,0.0,False,31953.0,28667.0,31953.0,4,False,True
C,A,20220101,2022,52,2022,842,USA,USA,M,Import,772,TKL,Tokelau,0,W00,World,H6,HS,True,TOTAL,All Commodities,0,False,C00,TOTAL CPC,0,0,TOTAL MOT,-1,N/A,0.0,False,-1,N/A,0.0,False,0.0,False,0.0,False,221706.0,220321.0,221706.0,0,False,True
C,A,20220101,2022,52,2022,842,USA,USA,M,Import,178,COG,Congo,0,W00,World,H6,HS,True,TOTAL,All Commodities,0,False,C00,TOTAL CPC,0,0,TOTAL MOT,-1,N/A,0.0,False,-1,N/A,0.0,False,0.0,True,0.0,False,154425847.0,150130160.0,154425847.0,4,False,True
C,A,20220101,2022,52,2022,842,USA,USA,M,Import,408,PRK,Dem. People's Rep. of Korea,0,W00,World,H6,HS,True,TOTAL,All Commodities,0,False,C00,TOTAL CPC,0,0,TOTAL MOT,-1,N/A,0.0,False,-1,N/A,0.0,False,0.0,False,0.0,False,29088.0,29088.0,29088.0,0,False,True
C,A,20220101,2022,52,2022,842,USA,USA,M,Import,262,DJI,Djibouti,0,W00,World,H6,HS,True,TOTAL,All Commodities,0,False,C00,TOTAL CPC,0,0,TOTAL MOT,-1,N/A,0.0,False,-1,N/A,0.0,False,0.0,True,0.0,False,43025037.0,42286037.0,43025037.0,4,False,True
C,A,20220101,2022,52,2022,842,USA,USA,M,Import,304,GRL,Greenland,0,W00,World,H6,HS,True,TOTAL,All Commodities,0,False,C00,TOTAL CPC,0,0,TOTAL MOT,-1,N/A,0.0,False,-1,N/A,0.0,False,0.0,True,0.0,False,36762189.0,36185151.0,36762189.0,4,False,True
C,A,20220101,2022,52,2022,842,USA,USA,M,Import,740,SUR,Suriname,0,W00,World,H6,HS,True,TOTAL,All Commodities,0,False,C00,TOTAL CPC,0,0,TOTAL MOT,-1,N/A,0.0,False,-1,N/A,0.0,False,0.0,True,0.0,False,80076816.0,75455261.0,80076816.0,4,False,True
C,A,20220101,2022,52,2022,842,USA,USA,M,Import,376,ISR,Israel,0,W00,World,H6,HS,True,TOTAL,All Commodities,0,False,C00,TOTAL CPC,0,0,TOTAL MOT,-1,N/A,0.0,False,-1,N/A,0.0,False,0.0,True,0.0,False,21865297788.0,21441795448.0,21865297788.0,4,False,True
C,A,20220101,2022,52,2022,842,USA,USA,M,Import,666,SPM,Saint Pierre and Miquelon,0,W00,World,H6,HS,True,TOTAL,All Commodities,0,False,C00,TOTAL CPC,0,0,TOTAL MOT,-1,N/A,0.0,False,-1,N/A,0.0,False,0.0,False,0.0,False,19611.0,18411.0,19611.0,0,False,True
C,A,20220101,2022,52,2022,842,USA,USA,M,Import,233,EST,Estonia,0,W00,World,H6,HS,True,TOTAL,All Commodities,0,False,C00,TOTAL CPC,0,0,TOTAL MOT,-1,N/A,0.0,False,-1,N/A,0.0,False,0.0,True,0.0,False,1413689000.0,1373574585.0,1413689000.0,4,False,True
C,A,20220101,2022,52,2022,842,USA,USA,M,Import,768,TGO,Togo,0,W00,World,H6,HS,True,TOTAL,All Commodities,0,False,C00,TOTAL CPC,0,0,TOTAL MOT,-1,N/A,0.0,False,-1,N/A,0.0,False,0.0,True,0.0,False,90435895.0,84211861.0,90435895.0,4,False,True
C,A,20220101,2022,52,2022,842,USA,USA,M,Import,643,RUS,Russian Federation,0,W00,World,H6,HS,True,TOTAL,All Commodities,0,False,C00,TOTAL CPC,0,0,TOTAL MOT,-1,N/A,0.0,False,-1,N/A,0.0,False,0.0,True,0.0,False,15071041473.0,14457720491.0,15071041473.0,4,False,True
C,A,20220101,2022,52,2022,842,USA,USA,M,Import,368,IRQ,Iraq,0,W00,World,H6,HS,True,TOTAL,All Commodities,0,False,C00,TOTAL CPC,0,0,TOTAL MOT,-1,N/A,0.0,False,-1,N/A,0.0,False,0.0,True,0.0,False,10343130638.0,10056006426.0,10343130638.0,4,False,True
C,A,20220101,2022,52,2022,842,USA,USA,M,Import,24,AGO,Angola,0,W00,World,H6,HS,True,TOTAL,All Commodities,0,False,C00,TOTAL CPC,0,0,TOTAL MOT,-1,N/A,0.0,False,-1,N/A,0.0,False,0.0,True,0.0,False,1639691615.0,1611019709.0,1639691615.0,4,False,True
C,A,20220101,2022,52,2022,842,USA,USA,M,Import,336,VAT,Holy See (Vatican City State),0,W00,World,H6,HS,True,TOTAL,All Commodities,0,False,C00,TOTAL CPC,0,0,TOTAL MOT,-1,N/A,0.0,False,-1,N/A,0.0,False,0.0,True,0.0,False,3915776.0,3506325.0,3915776.0,4,False,True
C,A,20220101,2022,52,2022,842,USA,USA,M,Import,12,DZA,Algeria,0,W00,World,H6,HS,True,TOTAL,All Commodities,0,False,C00,TOTAL CPC,0,0,TOTAL MOT,-1,N/A,0.0,False,-1,N/A,0.0,False,0.0,True,0.0,False,3166406786.0,3060778249.0,3166406786.0,4,False,True
C,A,20220101,2022,52,2022,842,USA,USA,M,Import,417,KGZ,Kyrgyzstan,0,W00,World,H6,HS,True,TOTAL,All Commodities,0,False,C00,TOTAL CPC,0,0,TOTAL MOT,-1,N/A,0.0,False,-1,N/A,0.0,False,0.0,True,0.0,False,10063640.0,9582293.0,10063640.0,4,False,True
C,A,20220101,2022,52,2022,842,USA,USA,M,Import,894,ZMB,Zambia,0,W00,World,H6,HS,True,TOTAL,All Commodities,0,False,C00,TOTAL CPC,0,0,TOTAL MOT,-1,N/A,0.0,False,-1,N/A,0.0,False,0.0,True,0.0,False,138902143.0,135254441.0,138902143.0,4,False,True
C,A,20220101,2022,52,2022,842,USA,USA,M,Import,388,JAM,Jamaica,0,W00,World,H6,HS,True,TOTAL,All Commodities,0,False,C00,TOTAL CPC,0,0,TOTAL MOT,-1,N/A,0.0,False,-1,N/A,0.0,False,0.0,True,0.0,False,366933538.0,349637497.0,366933538.0,4,False,True
C,A,20220101,2022,52,2022,842,USA,USA,M,Import,251,FRA,France,0,W00,World,H6,HS,True,TOTAL,All Commodities,0,False,C00,TOTAL CPC,0,0,TOTAL MOT,-1,N/A,0.0,False,-1,N/A,0.0,False,0.0,True,0.0,False,59091426030.0,57636147264.0,59091426030.0,4,False,True
C,A,20220101,2022,52,2022,842,USA,USA,M,Import,184,COK,Cook Isds,0,W00,World,H6,HS,True,TOTAL,All Commodities,0,False,C00,TOTAL CPC,0,0,TOTAL MOT,-1,N/A,0.0,False,-1,N/A,0.0,False,0.0,True,0.0,False,1048962.0,969348.0,1048962.0,4,False,True
C,A,20220101,2022,52,2022,842,USA,USA,M,Import,334,HMD,Heard Island and McDonald Islands,0,W00,World,H6,HS,True,TOTAL,All Commodities,0,False,C00,TOTAL CPC,0,0,TOTAL MOT,-1,N/A,0.0,False,-1,N/A,0.0,False,0.0,True,0.0,False,1406320.0,1403177.0,1406320.0,4,False,True
C,A,20220101,2022,52,2022,842,USA,USA,M,Import,232,ERI,Eritrea,0,W00,World,H6,HS,True,TOTAL,All Commodities,0,False,C00,TOTAL CPC,0,0,TOTAL MOT,-1,N/A,0.0,False,-1,N/A,0.0,False,0.0,True,0.0,False,360167.0,346382.0,360167.0,4,False,True
C,A,20220101,2022,52,2022,842,USA,USA,M,Import,20,AND,Andorra,0,W00,World,H6,HS,True,TOTAL,All Commodities,0,False,C00,TOTAL CPC,0,0,TOTAL MOT,-1,N/A,0.0,False,-1,N/A,0.0,False,0.0,True,0.0,False,9959164.0,9778800.0,9959164.0,4,False,True
C,A,20220101,2022,52,2022,842,USA,USA,M,Import,68,BOL,Bolivia (Plurinational State of),0,W00,World,H6,HS,True,TOTAL,All Commodities,0,False,C00,TOTAL CPC,0,0,TOTAL MOT,-1,N/A,0.0,False,-1,N/A,0.0,False,0.0,True,0.0,False,662705907.0,643826640.0,662705907.0,4,False,True
C,A,20220101,2022,52,2022,842,USA,USA,M,Import,51,ARM,Armenia,0,W00,World,H6,HS,True,TOTAL,All Commodities,0,False,C00,TOTAL CPC,0,0,TOTAL MOT,-1,N/A,0.0,False,-1,N/A,0.0,False,0.0,True,0.0,False,85141689.0,80668732.0,85141689.0,4,False,True
C,A,20220101,2022,52,2022,842,USA,USA,M,Import,162,CXR,Christmas Isds,0,W00,World,H6,HS,True,TOTAL,All Commodities,0,False,C00,TOTAL CPC,0,0,TOTAL MOT,-1,N/A,0.0,False,-1,N/A,0.0,False,0.0,True,0.0,False,908401.0,866269.0,908401.0,4,False,True
C,A,20220101,2022,52,2022,842,USA,USA,M,Import,170,COL,Colombia,0,W00,World,H6,HS,True,TOTAL,All Commodities,0,False,C00,TOTAL CPC,0,0,TOTAL MOT,-1,N/A,0.0,False,-1,N/A,0.0,False,0.0,True,0.0,False,19401277843.0,18561491770.0,19401277843.0,4,False,True
C,A,20220101,2022,52,2022,842,USA,USA,M,Import,204,BEN,Benin,0,W00,World,H6,HS,True,TOTAL,All Commodities,0,False,C00,TOTAL CPC,0,0,TOTAL MOT,-1,N/A,0.0,False,-1,N/A,0.0,False,0.0,True,0.0,False,3505031.0,3264946.0,3505031.0,4,False,True
C,A,20220101,2022,52,2022,842,USA,USA,M,Import,4,AFG,Afghanistan,0,W00,World,H6,HS,True,TOTAL,All Commodities,0,False,C00,TOTAL CPC,0,0,TOTAL MOT,-1,N/A,0.0,False,-1,N/A,0.0,False,0.0,True,0.0,False,23806366.0,22546601.0,23806366.0,4,False,True
C,A,20220101,2022,52,2022,842,USA,USA,M,Import,764,THA,Thailand,0,W00,World,H6,HS,True,TOTAL,All Commodities,0,False,C00,TOTAL CPC,0,0,TOTAL MOT,-1,N/A,0.0,False,-1,N/A,0.0,False,0.0,True,0.0,False,63012027525.0,58735815764.0,63012027525.0,4,False,True
C,A,20220101,2022,52,2022,842,USA,USA,M,Import,260,ATF,Fr. South Antarctic Terr.,0,W00,World,H6,HS,True,TOTAL,All Commodities,0,False,C00,TOTAL CPC,0,0,TOTAL MOT,-1,N/A,0.0,False,-1,N/A,0.0,False,0.0,True,0.0,False,90807.0,85353.0,90807.0,4,False,True
C,A,20220101,2022,52,2022,842,USA,USA,M,Import,531,CUW,Curaçao,0,W00,World,H6,HS,True,TOTAL,All Commodities,0,False,C00,TOTAL CPC,0,0,TOTAL MOT,-1,N/A,0.0,False,-1,N/A,0.0,False,0.0,True,0.0,False,51144715.0,47584081.0,51144715.0,4,False,True
C,A,20220101,2022,52,2022,842,USA,USA,M,Import,36,AUS,Australia,0,W00,World,H6,HS,True,TOTAL,All Commodities,0,False,C00,TOTAL CPC,0,0,TOTAL MOT,-1,N/A,0.0,False,-1,N/A,0.0,False,0.0,True,0.0,False,16504822019.0,16082189262.0,16504822019.0,4,False,True
C,A,20220101,2022,52,2022,842,USA,USA,M,Import,48,BHR,Bahrain,0,W00,World,H6,HS,True,TOTAL,All Commodities,0,False,C00,TOTAL CPC,0,0,TOTAL MOT,-1,N/A,0.0,False,-1,N/A,0.0,False,0.0,True,0.0,False,2024643642.0,1893670738.0,2024643642.0,4,False,True
C,A,20220101,2022,52,2022,842,USA,USA,M,Import,534,SXM,Sint Maarten,0,W00,World,H6,HS,True,TOTAL,All Commodities,0,False,C00,TOTAL CPC,0,0,TOTAL MOT,-1,N/A,0.0,False,-1,N/A,0.0,False,0.0,True,0.0,False,80082088.0,79754394.0,80082088.0,4,False,True
C,A,20220101,2022,52,2022,842,USA,USA,M,Import,180,COD,Dem. Rep. of the Congo,0,W00,World,H6,HS,True,TOTAL,All Commodities,0,False,C00,TOTAL CPC,0,0,TOTAL MOT,-1,N/A,0.0,False,-1,N/A,0.0,False,0.0,True,0.0,False,180322081.0,176738035.0,180322081.0,4,False,True
C,A,20220101,2022,52,2022,842,USA,USA,M,Import,0,W00,World,0,W00,World,H6,HS,True,TOTAL,All Commodities,0,False,C00,TOTAL CPC,0,0,TOTAL MOT,-1,N/A,0.0,False,-1,N/A,0.0,False,0.0,True,0.0,False,3372902165775.0,3243389128166.0,3372902165775.0,4,False,True
C,A,20220101,2022,52,2022,842,USA,USA,M,Import,660,AIA,Anguilla,0,W00,World,H6,HS,True,TOTAL,All Commodities,0,False,C00,TOTAL CPC,0,0,TOTAL MOT,-1,N/A,0.0,False,-1,N/A,0.0,False,0.0,True,0.0,False,5796858.0,5712335.0,5796858.0,4,False,True
C,A,20220101,2022,52,2022,842,USA,USA,M,Import,40,AUT,Austria,0,W00,World,H6,HS,True,TOTAL,All Commodities,0,False,C00,TOTAL CPC,0,0,TOTAL MOT,-1,N/A,0.0,False,-1,N/A,0.0,False,0.0,True,0.0,False,18423497883.0,17812038981.0,18423497883.0,4,False,True
C,A,20220101,2022,52,2022,842,USA,USA,M,Import,558,NIC,Nicaragua,0,W00,World,H6,HS,True,TOTAL,All Commodities,0,False,C00,TOTAL CPC,0,0,TOTAL MOT,-1,N/A,0.0,False,-1,N/A,0.0,False,0.0,True,0.0,False,5896244430.0,5727919710.0,5896244430.0,4,False,True
C,A,20220101,2022,52,2022,842,USA,USA,M,Import,704,VNM,Viet Nam,0,W00,World,H6,HS,True,TOTAL,All Commodities,0,False,C00,TOTAL CPC,0,0,TOTAL MOT,-1,N/A,0.0,False,-1,N/A,0.0,False,0.0,True,0.0,False,135876540954.0,127521219882.0,135876540954.0,4,False,True
C,A,20220101,2022,52,2022,842,USA,USA,M,Import,662,LCA,Saint Lucia,0,W00,World,H6,HS,True,TOTAL,All Commodities,0,False,C00,TOTAL CPC,0,0,TOTAL MOT,-1,N/A,0.0,False,-1,N/A,0.0,False,0.0,True,0.0,False,11939827.0,11464219.0,11939827.0,4,False,True
C,A,20220101,2022,52,2022,842,USA,USA,M,Import,499,MNE,Montenegro,0,W00,World,H6,HS,True,TOTAL,All Commodities,0,False,C00,TOTAL CPC,0,0,TOTAL MOT,-1,N/A,0.0,False,-1,N/A,0.0,False,0.0,True,0.0,False,6167410.0,5844520.0,6167410.0,4,False,True
C,A,20220101,2022,52,2022,842,USA,USA,M,Import,462,MDV,Maldives,0,W00,World,H6,HS,True,TOTAL,All Commodities,0,False,C00,TOTAL CPC,0,0,TOTAL MOT,-1,N/A,0.0,False,-1,N/A,0.0,False,0.0,True,0.0,False,20763361.0,16891768.0,20763361.0,4,False,True
C,A,20220101,2022,52,2022,842,USA,USA,M,Import,428,LVA,Latvia,0,W00,World,H6,HS,True,TOTAL,All Commodities,0,False,C00,TOTAL CPC,0,0,TOTAL MOT,-1,N/A,0.0,False,-1,N/A,0.0,False,0.0,True,0.0,False,800768087.0,749176539.0,800768087.0,4,False,True
C,A,20220101,2022,52,2022,842,USA,USA,M,Import,380,ITA,Italy,0,W00,World,H6,HS,True,TOTAL,All Commodities,0,False,C00,TOTAL CPC,0,0,TOTAL MOT,-1,N/A,0.0,False,-1,N/A,0.0,False,0.0,True,0.0,False,71874907421.0,69124723588.0,71874907421.0,4,False,True
C,A,20220101,2022,52,2022,842,USA,USA,M,Import,308,GRD,Grenada,0,W00,World,H6,HS,True,TOTAL,All Commodities,0,False,C00,TOTAL CPC,0,0,TOTAL MOT,-1,N/A,0.0,False,-1,N/A,0.0,False,0.0,True,0.0,False,18785675.0,16701130.0,18785675.0,4,False,True
C,A,20220101,2022,52,2022,842,USA,USA,M,Import,887,YEM,Yemen,0,W00,World,H6,HS,True,TOTAL,All Commodities,0,False,C00,TOTAL CPC,0,0,TOTAL MOT,-1,N/A,0.0,False,-1,N/A,0.0,False,0.0,True,0.0,False,31935622.0,31410106.0,31935622.0,4,False,True
C,A,20220101,2022,52,2022,842,USA,USA,M,Import,642,ROU,Romania,0,W00,World,H6,HS,True,TOTAL,All Commodities,0,False,C00,TOTAL CPC,0,0,TOTAL MOT,-1,N/A,0.0,False,-1,N/A,0.0,False,0.0,True,0.0,False,3942156241.0,3781970953.0,3942156241.0,4,False,True
C,A,20220101,2022,52,2022,842,USA,USA,M,Import,490,S19,"Other Asia, nes",0,W00,World,H6,HS,True,TOTAL,All Commodities,0,False,C00,TOTAL CPC,0,0,TOTAL MOT,-1,N/A,0.0,False,-1,N/A,0.0,False,0.0,True,0.0,False,96075308469.0,91844599269.0,96075308469.0,4,False,True
C,A,20220101,2022,52,2022,842,USA,USA,M,Import,196,CYP,Cyprus,0,W00,World,H6,HS,True,TOTAL,All Commodities,0,False,C00,TOTAL CPC,0,0,TOTAL MOT,-1,N/A,0.0,False,-1,N/A,0.0,False,0.0,True,0.0,False,75154875.0,72714953.0,75154875.0,4,False,True
C,A,20220101,2022,52,2022,842,USA,USA,M,Import,64,BTN,Bhutan,0,W00,World,H6,HS,True,TOTAL,All Commodities,0,False,C00,TOTAL CPC,0,0,TOTAL MOT,-1,N/A,0.0,False,-1,N/A,0.0,False,0.0,True,0.0,False,316830.0,291764.0,316830.0,4,False,True
C,A,20220101,2022,52,2022,842,USA,USA,M,Import,804,UKR,Ukraine,0,W00,World,H6,HS,True,TOTAL,All Commodities,0,False,C00,TOTAL CPC,0,0,TOTAL MOT,-1,N/A,0.0,False,-1,N/A,0.0,False,0.0,True,0.0,False,1536287369.0,1476971180.0,1536287369.0,4,False,True
C,A,20220101,2022,52,2022,842,USA,USA,M,Import,807,MKD,North Macedonia,0,W00,World,H6,HS,True,TOTAL,All Commodities,0,False,C00,TOTAL CPC,0,0,TOTAL MOT,-1,N/A,0.0,False,-1,N/A,0.0,False,0.0,True,0.0,False,238227572.0,227268902.0,238227572.0,4,False,True
C,A,20220101,2022,52,2022,842,USA,USA,M,Import,426,LSO,Lesotho,0,W00,World,H6,HS,True,TOTAL,All Commodities,0,False,C00,TOTAL CPC,0,0,TOTAL MOT,-1,N/A,0.0,False,-1,N/A,0.0,False,0.0,True,0.0,False,359413530.0,349544471.0,359413530.0,4,False,True
C,A,20220101,2022,52,2022,842,USA,USA,M,Import,430,LBR,Liberia,0,W00,World,H6,HS,True,TOTAL,All Commodities,0,False,C00,TOTAL CPC,0,0,TOTAL MOT,-1,N/A,0.0,False,-1,N/A,0.0,False,0.0,True,0.0,False,89757847.0,80649012.0,89757847.0,4,False,True
C,A,20220101,2022,52,2022,842,USA,USA,M,Import,688,SRB,Serbia,0,W00,World,H6,HS,True,TOTAL,All Commodities,0,False,C00,TOTAL CPC,0,0,TOTAL MOT,-1,N/A,0.0,False,-1,N/A,0.0,False,0.0,True,0.0,False,903613894.0,850894318.0,903613894.0,4,False,True
C,A,20220101,2022,52,2022,842,USA,USA,M,Import,192,CUB,Cuba,0,W00,World,H6,HS,True,TOTAL,All Commodities,0,False,C00,TOTAL CPC,0,0,TOTAL MOT,-1,N/A,0.0,False,-1,N/A,0.0,False,0.0,True,0.0,False,5607675.0,5576993.0,5607675.0,4,False,True
C,A,20220101,2022,52,2022,842,USA,USA,M,Import,678,STP,Sao Tome and Principe,0,W00,World,H6,HS,True,TOTAL,All Commodities,0,False,C00,TOTAL CPC,0,0,TOTAL MOT,-1,N/A,0.0,False,-1,N/A,0.0,False,0.0,True,0.0,False,911751.0,886806.0,911751.0,4,False,True
C,A,20220101,2022,52,2022,842,USA,USA,M,Import,418,LAO,Lao People's Dem. Rep.,0,W00,World,H6,HS,True,TOTAL,All Commodities,0,False,C00,TOTAL CPC,0,0,TOTAL MOT,-1,N/A,0.0,False,-1,N/A,0.0,False,0.0,True,0.0,False,283568593.0,273259531.0,283568593.0,4,False,True
C,A,20220101,2022,52,2022,842,USA,USA,M,Import,694,SLE,Sierra Leone,0,W00,World,H6,HS,True,TOTAL,All Commodities,0,False,C00,TOTAL CPC,0,0,TOTAL MOT,-1,N/A,0.0,False,-1,N/A,0.0,False,0.0,True,0.0,False,18426013.0,17587757.0,18426013.0,4,False,True
C,A,20220101,2022,52,2022,842,USA,USA,M,Import,699,IND,India,0,W00,World,H6,HS,True,TOTAL,All Commodities,0,False,C00,TOTAL CPC,0,0,TOTAL MOT,-1,N/A,0.0,False,-1,N/A,0.0,False,0.0,True,0.0,False,90991853182.0,85670471578.0,90991853182.0,4,False,True
C,A,20220101,2022,52,2022,842,USA,USA,M,Import,84,BLZ,Belize,0,W00,World,H6,HS,True,TOTAL,All Commodities,0,False,C00,TOTAL CPC,0,0,TOTAL MOT,-1,N/A,0.0,False,-1,N/A,0.0,False,0.0,True,0.0,False,65085844.0,60865806.0,65085844.0,4,False,True
C,A,20220101,2022,52,2022,842,USA,USA,M,Import,70,BIH,Bosnia Herzegovina,0,W00,World,H6,HS,True,TOTAL,All Commodities,0,False,C00,TOTAL CPC,0,0,TOTAL MOT,-1,N/A,0.0,False,-1,N/A,0.0,False,0.0,True,0.0,False,183443843.0,170840915.0,183443843.0,4,False,True
C,A,20220101,2022,52,2022,842,USA,USA,M,Import,624,GNB,Guinea-Bissau,0,W00,World,H6,HS,True,TOTAL,All Commodities,0,False,C00,TOTAL CPC,0,0,TOTAL MOT,-1,N/A,0.0,False,-1,N/A,0.0,False,0.0,True,0.0,False,17818.0,15796.0,17818.0,4,False,True
C,A,20220101,2022,52,2022,842,USA,USA,M,Import,792,TUR,Türkiye,0,W00,World,H6,HS,True,TOTAL,All Commodities,0,False,C00,TOTAL CPC,0,0,TOTAL MOT,-1,N/A,0.0,False,-1,N/A,0.0,False,0.0,True,0.0,False,20424879616.0,18847606143.0,20424879616.0,4,False,True
C,A,20220101,2022,52,2022,842,USA,USA,M,Import,238,FLK,Falkland Isds (Malvinas),0,W00,World,H6,HS,True,TOTAL,All Commodities,0,False,C00,TOTAL CPC,0,0,TOTAL MOT,-1,N/A,0.0,False,-1,N/A,0.0,False,0.0,True,0.0,False,32108587.0,31357752.0,32108587.0,4,False,True
C,A,20220101,2022,52,2022,842,USA,USA,M,Import,818,EGY,Egypt,0,W00,World,H6,HS,True,TOTAL,All Commodities,0,False,C00,TOTAL CPC,0,0,TOTAL MOT,-1,N/A,0.0,False,-1,N/A,0.0,False,0.0,True,0.0,False,3043170745.0,2805869285.0,3043170745.0,4,False,True
C,A,20220101,2022,52,2022,842,USA,USA,M,Import,858,URY,Uruguay,0,W00,World,H6,HS,True,TOTAL,All Commodities,0,False,C00,TOTAL CPC,0,0,TOTAL MOT,-1,N/A,0.0,False,-1,N/A,0.0,False,0.0,True,0.0,False,970890698.0,906284239.0,970890698.0,4,False,True
C,A,20220101,2022,52,2022,842,USA,USA,M,Import,548,VUT,Vanuatu,0,W00,World,H6,HS,True,TOTAL,All Commodities,0,False,C00,TOTAL CPC,0,0,TOTAL MOT,-1,N/A,0.0,False,-1,N/A,0.0,False,0.0,True,0.0,False,7055479.0,6714647.0,7055479.0,4,False,True
C,A,20220101,2022,52,2022,842,USA,USA,M,Import,634,QAT,Qatar,0,W00,World,H6,HS,True,TOTAL,All Commodities,0,False,C00,TOTAL CPC,0,0,TOTAL MOT,-1,N/A,0.0,False,-1,N/A,0.0,False,0.0,True,0.0,False,3020099545.0,2921650438.0,3020099545.0,4,False,True
C,A,20220101,2022,52,2022,842,USA,USA,M,Import,414,KWT,Kuwait,0,W00,World,H6,HS,True,TOTAL,All Commodities,0,False,C00,TOTAL CPC,0,0,TOTAL MOT,-1,N/A,0.0,False,-1,N/A,0.0,False,0.0,True,0.0,False,2126581988.0,2049630527.0,2126581988.0,4,False,True
C,A,20220101,2022,52,2022,842,USA,USA,M,Import,288,GHA,Ghana,0,W00,World,H6,HS,True,TOTAL,All Commodities,0,False,C00,TOTAL CPC,0,0,TOTAL MOT,-1,N/A,0.0,False,-1,N/A,0.0,False,0.0,True,0.0,False,2836636084.0,2767870985.0,2836636084.0,4,False,True
C,A,20220101,2022,52,2022,842,USA,USA,M,Import,392,JPN,Japan,0,W00,World,H6,HS,True,TOTAL,All Commodities,0,False,C00,TOTAL CPC,0,0,TOTAL MOT,-1,N/A,0.0,False,-1,N/A,0.0,False,0.0,True,0.0,False,154445161543.0,148329293664.0,154445161543.0,4,False,True
C,A,20220101,2022,52,2022,842,USA,USA,M,Import,332,HTI,Haiti,0,W00,World,H6,HS,True,TOTAL,All Commodities,0,False,C00,TOTAL CPC,0,0,TOTAL MOT,-1,N/A,0.0,False,-1,N/A,0.0,False,0.0,True,0.0,False,1085695980.0,1045588836.0,1085695980.0,4,False,True
C,A,20220101,2022,52,2022,842,USA,USA,M,Import,136,CYM,Cayman Isds,0,W00,World,H6,HS,True,TOTAL,All Commodities,0,False,C00,TOTAL CPC,0,0,TOTAL MOT,-1,N/A,0.0,False,-1,N/A,0.0,False,0.0,True,0.0,False,48561855.0,47835375.0,48561855.0,4,False,True
C,A,20220101,2022,52,2022,842,USA,USA,M,Import,616,POL,Poland,0,W00,World,H6,HS,True,TOTAL,All Commodities,0,False,C00,TOTAL CPC,0,0,TOTAL MOT,-1,N/A,0.0,False,-1,N/A,0.0,False,0.0,True,0.0,False,12532877375.0,11902230216.0,12532877375.0,4,False,True
C,A,20220101,2022,52,2022,842,USA,USA,M,Import,659,KNA,Saint Kitts and Nevis,0,W00,World,H6,HS,True,TOTAL,All Commodities,0,False,C00,TOTAL CPC,0,0,TOTAL MOT,-1,N/A,0.0,False,-1,N/A,0.0,False,0.0,True,0.0,False,32077068.0,31038375.0,32077068.0,4,False,True
C,A,20220101,2022,52,2022,842,USA,USA,M,Import,604,PER,Peru,0,W00,World,H6,HS,True,TOTAL,All Commodities,0,False,C00,TOTAL CPC,0,0,TOTAL MOT,-1,N/A,0.0,False,-1,N/A,0.0,False,0.0,True,0.0,False,9272341964.0,8608707380.0,9272341964.0,4,False,True
C,A,20220101,2022,52,2022,842,USA,USA,M,Import,729,SDN,Sudan,0,W00,World,H6,HS,True,TOTAL,All Commodities,0,False,C00,TOTAL CPC,0,0,TOTAL MOT,-1,N/A,0.0,False,-1,N/A,0.0,False,0.0,True,0.0,False,38020554.0,37400766.0,38020554.0,4,False,True
C,A,20220101,2022,52,2022,842,USA,USA,M,Import,44,BHS,Bahamas,0,W00,World,H6,HS,True,TOTAL,All Commodities,0,False,C00,TOTAL CPC,0,0,TOTAL MOT,-1,N/A,0.0,False,-1,N/A,0.0,False,0.0,True,0.0,False,1769052266.0,1721067766.0,1769052266.0,4,False,True
C,A,20220101,2022,52,2022,842,USA,USA,M,Import,296,KIR,Kiribati,0,W00,World,H6,HS,True,TOTAL,All Commodities,0,False,C00,TOTAL CPC,0,0,TOTAL MOT,-1,N/A,0.0,False,-1,N/A,0.0,False,0.0,True,0.0,False,1718497.0,1689027.0,1718497.0,4,False,True
C,A,20220101,2022,52,2022,842,USA,USA,M,Import,218,ECU,Ecuador,0,W00,World,H6,HS,True,TOTAL,All Commodities,0,False,C00,TOTAL CPC,0,0,TOTAL MOT,-1,N/A,0.0,False,-1,N/A,0.0,False,0.0,True,0.0,False,11039267115.0,10403822047.0,11039267115.0,4,False,True
C,A,20220101,2022,52,2022,842,USA,USA,M,Import,72,BWA,Botswana,0,W00,World,H6,HS,True,TOTAL,All Commodities,0,False,C00,TOTAL CPC,0,0,TOTAL MOT,-1,N/A,0.0,False,-1,N/A,0.0,False,0.0,True,0.0,False,464301915.0,455198294.0,464301915.0,4,False,True
C,A,20220101,2022,52,2022,842,USA,USA,M,Import,710,ZAF,South Africa,0,W00,World,H6,HS,True,TOTAL,All Commodities,0,False,C00,TOTAL CPC,0,0,TOTAL MOT,-1,N/A,0.0,False,-1,N/A,0.0,False,0.0,True,0.0,False,14656908671.0,14359022003.0,14656908671.0,4,False,True
C,A,20220101,2022,52,2022,842,USA,USA,M,Import,674,SMR,San Marino,0,W00,World,H6,HS,True,TOTAL,All Commodities,0,False,C00,TOTAL CPC,0,0,TOTAL MOT,-1,N/A,0.0,False,-1,N/A,0.0,False,0.0,True,0.0,False,20221029.0,19323399.0,20221029.0,4,False,True
C,A,20220101,2022,52,2022,842,USA,USA,M,Import,340,HND,Honduras,0,W00,World,H6,HS,True,TOTAL,All Commodities,0,False,C00,TOTAL CPC,0,0,TOTAL MOT,-1,N/A,0.0,False,-1,N/A,0.0,False,0.0,True,0.0,False,6368160845.0,6072961813.0,6368160845.0,4,False,True
C,A,20220101,2022,52,2022,842,USA,USA,M,Import,140,CAF,Central African Rep.,0,W00,World,H6,HS,True,TOTAL,All Commodities,0,False,C00,TOTAL CPC,0,0,TOTAL MOT,-1,N/A,0.0,False,-1,N/A,0.0,False,0.0,True,0.0,False,914171.0,880502.0,914171.0,4,False,True
C,A,20220101,2022,52,2022,842,USA,USA,M,Import,670,VCT,Saint Vincent and the Grenadines,0,W00,World,H6,HS,True,TOTAL,All Commodities,0,False,C00,TOTAL CPC,0,0,TOTAL MOT,-1,N/A,0.0,False,-1,N/A,0.0,False,0.0,True,0.0,False,8972149.0,8644088.0,8972149.0,4,False,True
C,A,20220101,2022,52,2022,842,USA,USA,M,Import,480,MUS,Mauritius,0,W00,World,H6,HS,True,TOTAL,All Commodities,0,False,C00,TOTAL CPC,0,0,TOTAL MOT,-1,N/A,0.0,False,-1,N/A,0.0,False,0.0,True,0.0,False,302587375.0,285266816.0,302587375.0,4,False,True
C,A,20220101,2022,52,2022,842,USA,USA,M,Import,796,TCA,Turks and Caicos Isds,0,W00,World,H6,HS,True,TOTAL,All Commodities,0,False,C00,TOTAL CPC,0,0,TOTAL MOT,-1,N/A,0.0,False,-1,N/A,0.0,False,0.0,True,0.0,False,12363817.0,12028783.0,12363817.0,4,False,True
C,A,20220101,2022,52,2022,842,USA,USA,M,Import,90,SLB,Solomon Isds,0,W00,World,H6,HS,True,TOTAL,All Commodities,0,False,C00,TOTAL CPC,0,0,TOTAL MOT,-1,N/A,0.0,False,-1,N/A,0.0,False,0.0,True,0.0,False,8330970.0,8076413.0,8330970.0,4,False,True
C,A,20220101,2022,52,2022,842,USA,USA,M,Import,120,CMR,Cameroon,0,W00,World,H6,HS,True,TOTAL,All Commodities,0,False,C00,TOTAL CPC,0,0,TOTAL MOT,-1,N/A,0.0,False,-1,N/A,0.0,False,0.0,True,0.0,False,115875556.0,103755597.0,115875556.0,4,False,True
C,A,20220101,2022,52,2022,842,USA,USA,M,Import,686,SEN,Senegal,0,W00,World,H6,HS,True,TOTAL,All Commodities,0,False,C00,TOTAL CPC,0,0,TOTAL MOT,-1,N/A,0.0,False,-1,N/A,0.0,False,0.0,True,0.0,False,509737790.0,503797132.0,509737790.0,4,False,True
C,A,20220101,2022,52,2022,842,USA,USA,M,Import,203,CZE,Czechia,0,W00,World,H6,HS,True,TOTAL,All Commodities,0,False,C00,TOTAL CPC,0,0,TOTAL MOT,-1,N/A,0.0,False,-1,N/A,0.0,False,0.0,True,0.0,False,7844892328.0,7536284755.0,7844892328.0,4,False,True
C,A,20220101,2022,52,2022,842,USA,USA,M,Import,562,NER,Niger,0,W00,World,H6,HS,True,TOTAL,All Commodities,0,False,C00,TOTAL CPC,0,0,TOTAL MOT,-1,N/A,0.0,False,-1,N/A,0.0,False,0.0,True,0.0,False,73935310.0,73134100.0,73935310.0,4,False,True
C,A,20220101,2022,52,2022,842,USA,USA,M,Import,574,NFK,Norfolk Isds,0,W00,World,H6,HS,True,TOTAL,All Commodities,0,False,C00,TOTAL CPC,0,0,TOTAL MOT,-1,N/A,0.0,False,-1,N/A,0.0,False,0.0,True,0.0,False,273334.0,271194.0,273334.0,4,False,True
C,A,20220101,2022,52,2022,842,USA,USA,M,Import,372,IRL,Ireland,0,W00,World,H6,HS,True,TOTAL,All Commodities,0,False,C00,TOTAL CPC,0,0,TOTAL MOT,-1,N/A,0.0,False,-1,N/A,0.0,False,0.0,True,0.0,False,82505715775.0,82034480970.0,82505715775.0,4,False,True
C,A,20220101,2022,52,2022,842,USA,USA,M,Import,757,CHE,Switzerland,0,W00,World,H6,HS,True,TOTAL,All Commodities,0,False,C00,TOTAL CPC,0,0,TOTAL MOT,-1,N/A,0.0,False,-1,N/A,0.0,False,0.0,True,0.0,False,60136429976.0,59629857223.0,60136429976.0,4,False,True
C,A,20220101,2022,52,2022,842,USA,USA,M,Import,450,MDG,Madagascar,0,W00,World,H6,HS,True,TOTAL,All Commodities,0,False,C00,TOTAL CPC,0,0,TOTAL MOT,-1,N/A,0.0,False,-1,N/A,0.0,False,0.0,True,0.0,False,936345371.0,912230257.0,936345371.0,4,False,True
C,A,20220101,2022,52,2022,842,USA,USA,M,Import,748,SWZ,Eswatini,0,W00,World,H6,HS,True,TOTAL,All Commodities,0,False,C00,TOTAL CPC,0,0,TOTAL MOT,-1,N/A,0.0,False,-1,N/A,0.0,False,0.0,True,0.0,False,23567468.0,22457032.0,23567468.0,4,False,True
C,A,20220101,2022,52,2022,842,USA,USA,M,Import,780,TTO,Trinidad and Tobago,0,W00,World,H6,HS,True,TOTAL,All Commodities,0,False,C00,TOTAL CPC,0,0,TOTAL MOT,-1,N/A,0.0,False,-1,N/A,0.0,False,0.0,True,0.0,False,5607391630.0,5422046048.0,5607391630.0,4,False,True
C,A,20220101,2022,52,2022,842,USA,USA,M,Import,174,COM,Comoros,0,W00,World,H6,HS,True,TOTAL,All Commodities,0,False,C00,TOTAL CPC,0,0,TOTAL MOT,-1,N/A,0.0,False,-1,N/A,0.0,False,0.0,True,0.0,False,5620333.0,5547705.0,5620333.0,4,False,True
C,A,20220101,2022,52,2022,842,USA,USA,M,Import,795,TKM,Turkmenistan,0,W00,World,H6,HS,True,TOTAL,All Commodities,0,False,C00,TOTAL CPC,0,0,TOTAL MOT,-1,N/A,0.0,False,-1,N/A,0.0,False,0.0,True,0.0,False,49277933.0,46333725.0,49277933.0,4,False,True
C,A,20220101,2022,52,2022,842,USA,USA,M,Import,268,GEO,Georgia,0,W00,World,H6,HS,True,TOTAL,All Commodities,0,False,C00,TOTAL CPC,0,0,TOTAL MOT,-1,N/A,0.0,False,-1,N/A,0.0,False,0.0,True,0.0,False,361681442.0,342189114.0,361681442.0,4,False,True
C,A,20220101,2022,52,2022,842,USA,USA,M,Import,800,UGA,Uganda,0,W00,World,H6,HS,True,TOTAL,All Commodities,0,False,C00,TOTAL CPC,0,0,TOTAL MOT,-1,N/A,0.0,False,-1,N/A,0.0,False,0.0,True,0.0,False,180485107.0,173863399.0,180485107.0,4,False,True
C,A,20220101,2022,52,2022,842,USA,USA,M,Import,400,JOR,Jordan,0,W00,World,H6,HS,True,TOTAL,All Commodities,0,False,C00,TOTAL CPC,0,0,TOTAL MOT,-1,N/A,0.0,False,-1,N/A,0.0,False,0.0,True,0.0,False,3162125520.0,3045353320.0,3162125520.0,4,False,True
C,A,20220101,2022,52,2022,842,USA,USA,M,Import,788,TUN,Tunisia,0,W00,World,H6,HS,True,TOTAL,All Commodities,0,False,C00,TOTAL CPC,0,0,TOTAL MOT,-1,N/A,0.0,False,-1,N/A,0.0,False,0.0,True,0.0,False,789476372.0,748944010.0,789476372.0,4,False,True
C,A,20220101,2022,52,2022,842,USA,USA,M,Import,100,BGR,Bulgaria,0,W00,World,H6,HS,True,TOTAL,All Commodities,0,False,C00,TOTAL CPC,0,0,TOTAL MOT,-1,N/A,0.0,False,-1,N/A,0.0,False,0.0,True,0.0,False,1573136611.0,1502522023.0,1573136611.0,4,False,True
C,A,20220101,2022,52,2022,842,USA,USA,M,Import,570,NIU,Niue,0,W00,World,H6,HS,True,TOTAL,All Commodities,0,False,C00,TOTAL CPC,0,0,TOTAL MOT,-1,N/A,0.0,False,-1,N/A,0.0,False,0.0,True,0.0,False,2649713.0,2627450.0,2649713.0,4,False,True
C,A,20220101,2022,52,2022,842,USA,USA,M,Import,584,MHL,Marshall Isds,0,W00,World,H6,HS,True,TOTAL,All Commodities,0,False,C00,TOTAL CPC,0,0,TOTAL MOT,-1,N/A,0.0,False,-1,N/A,0.0,False,0.0,True,0.0,False,20575570.0,17096151.0,20575570.0,4,False,True
C,A,20220101,2022,52,2022,842,USA,USA,M,Import,116,KHM,Cambodia,0,W00,World,H6,HS,True,TOTAL,All Commodities,0,False,C00,TOTAL CPC,0,0,TOTAL MOT,-1,N/A,0.0,False,-1,N/A,0.0,False,0.0,True,0.0,False,13091460620.0,12229481837.0,13091460620.0,4,False,True
C,A,20220101,2022,52,2022,842,USA,USA,M,Import,716,ZWE,Zimbabwe,0,W00,World,H6,HS,True,TOTAL,All Commodities,0,False,C00,TOTAL CPC,0,0,TOTAL MOT,-1,N/A,0.0,False,-1,N/A,0.0,False,0.0,True,0.0,False,89770502.0,86509488.0,89770502.0,4,False,True
C,A,20220101,2022,52,2022,842,USA,USA,M,Import,56,BEL,Belgium,0,W00,World,H6,HS,True,TOTAL,All Commodities,0,False,C00,TOTAL CPC,0,0,TOTAL MOT,-1,N/A,0.0,False,-1,N/A,0.0,False,0.0,True,0.0,False,27473931399.0,26773805471.0,27473931399.0,4,False,True
C,A,20220101,2022,52,2022,842,USA,USA,M,Import,540,NCL,New Caledonia,0,W00,World,H6,HS,True,TOTAL,All Commodities,0,False,C00,TOTAL CPC,0,0,TOTAL MOT,-1,N/A,0.0,False,-1,N/A,0.0,False,0.0,True,0.0,False,46305202.0,43763787.0,46305202.0,4,False,True
C,A,20220101,2022,52,2022,842,USA,USA,M,Import,148,TCD,Chad,0,W00,World,H6,HS,True,TOTAL,All Commodities,0,False,C00,TOTAL CPC,0,0,TOTAL MOT,-1,N/A,0.0,False,-1,N/A,0.0,False,0.0,True,0.0,False,4843586.0,4615088.0,4843586.0,4,False,True
C,A,20220101,2022,52,2022,842,USA,USA,M,Import,705,SVN,Slovenia,0,W00,World,H6,HS,True,TOTAL,All Commodities,0,False,C00,TOTAL CPC,0,0,TOTAL MOT,-1,N/A,0.0,False,-1,N/A,0.0,False,0.0,True,0.0,False,3055626776.0,2998861113.0,3055626776.0,4,False,True
C,A,20220101,2022,52,2022,842,USA,USA,M,Import,752,SWE,Sweden,0,W00,World,H6,HS,True,TOTAL,All Commodities,0,False,C00,TOTAL CPC,0,0,TOTAL MOT,-1,N/A,0.0,False,-1,N/A,0.0,False,0.0,True,0.0,False,17691448151.0,17102576538.0,17691448151.0,4,False,True
C,A,20220101,2022,52,2022,842,USA,USA,M,Import,706,SOM,Somalia,0,W00,World,H6,HS,True,TOTAL,All Commodities,0,False,C00,TOTAL CPC,0,0,TOTAL MOT,-1,N/A,0.0,False,-1,N/A,0.0,False,0.0,True,0.0,False,1173750.0,1141489.0,1173750.0,4,False,True
C,A,20220101,2022,52,2022,842,USA,USA,M,Import,566,NGA,Nigeria,0,W00,World,H6,HS,True,TOTAL,All Commodities,0,False,C00,TOTAL CPC,0,0,TOTAL MOT,-1,N/A,0.0,False,-1,N/A,0.0,False,0.0,True,0.0,False,4881248872.0,4780126094.0,4881248872.0,4,False,True
C,A,20220101,2022,52,2022,842,USA,USA,M,Import,470,MLT,Malta,0,W00,World,H6,HS,True,TOTAL,All Commodities,0,False,C00,TOTAL CPC,0,0,TOTAL MOT,-1,N/A,0.0,False,-1,N/A,0.0,False,0.0,True,0.0,False,263369293.0,258946553.0,263369293.0,4,False,True
C,A,20220101,2022,52,2022,842,USA,USA,M,Import,384,CIV,Côte d'Ivoire,0,W00,World,H6,HS,True,TOTAL,All Commodities,0,False,C00,TOTAL CPC,0,0,TOTAL MOT,-1,N/A,0.0,False,-1,N/A,0.0,False,0.0,True,0.0,False,1113433482.0,1054978623.0,1113433482.0,4,False,True
C,A,20220101,2022,52,2022,842,USA,USA,M,Import,446,MAC,"China, Macao SAR",0,W00,World,H6,HS,True,TOTAL,All Commodities,0,False,C00,TOTAL CPC,0,0,TOTAL MOT,-1,N/A,0.0,False,-1,N/A,0.0,False,0.0,True,0.0,False,167119363.0,162281047.0,167119363.0,4,False,True
C,A,20220101,2022,52,2022,842,USA,USA,M,Import,398,KAZ,Kazakhstan,0,W00,World,H6,HS,True,TOTAL,All Commodities,0,False,C00,TOTAL CPC,0,0,TOTAL MOT,-1,N/A,0.0,False,-1,N/A,0.0,False,0.0,True,0.0,False,2737379769.0,2652950986.0,2737379769.0,4,False,True
C,A,20220101,2022,52,2022,842,USA,USA,M,Import,466,MLI,Mali,0,W00,World,H6,HS,True,TOTAL,All Commodities,0,False,C00,TOTAL CPC,0,0,TOTAL MOT,-1,N/A,0.0,False,-1,N/A,0.0,False,0.0,True,0.0,False,5658482.0,5430444.0,5658482.0,4,False,True
C,A,20220101,2022,52,2022,842,USA,USA,M,Import,50,BGD,Bangladesh,0,W00,World,H6,HS,True,TOTAL,All Commodities,0,False,C00,TOTAL CPC,0,0,TOTAL MOT,-1,N/A,0.0,False,-1,N/A,0.0,False,0.0,True,0.0,False,11834782954.0,11170329089.0,11834782954.0,4,False,True
C,A,20220101,2022,52,2022,842,USA,USA,M,Import,132,CPV,Cabo Verde,0,W00,World,H6,HS,True,TOTAL,All Commodities,0,False,C00,TOTAL CPC,0,0,TOTAL MOT,-1,N/A,0.0,False,-1,N/A,0.0,False,0.0,True,0.0,False,7129107.0,6731591.0,7129107.0,4,False,True
C,A,20220101,2022,52,2022,842,USA,USA,M,Import,703,SVK,Slovakia,0,W00,World,H6,HS,True,TOTAL,All Commodities,0,False,C00,TOTAL CPC,0,0,TOTAL MOT,-1,N/A,0.0,False,-1,N/A,0.0,False,0.0,True,0.0,False,6622570848.0,6506130033.0,6622570848.0,4,False,True
C,A,20220101,2022,52,2022,842,USA,USA,M,Import,258,PYF,French Polynesia,0,W00,World,H6,HS,True,TOTAL,All Commodities,0,False,C00,TOTAL CPC,0,0,TOTAL MOT,-1,N/A,0.0,False,-1,N/A,0.0,False,0.0,True,0.0,False,46257047.0,41844545.0,46257047.0,4,False,True
C,A,20220101,2022,52,2022,842,USA,USA,M,Import,600,PRY,Paraguay,0,W00,World,H6,HS,True,TOTAL,All Commodities,0,False,C00,TOTAL CPC,0,0,TOTAL MOT,-1,N/A,0.0,False,-1,N/A,0.0,False,0.0,True,0.0,False,291355401.0,270296026.0,291355401.0,4,False,True
C,A,20220101,2022,52,2022,842,USA,USA,M,Import,586,PAK,Pakistan,0,W00,World,H6,HS,True,TOTAL,All Commodities,0,False,C00,TOTAL CPC,0,0,TOTAL MOT,-1,N/A,0.0,False,-1,N/A,0.0,False,0.0,True,0.0,False,6559919042.0,5999095295.0,6559919042.0,4,False,True
C,A,20220101,2022,52,2022,842,USA,USA,M,Import,208,DNK,Denmark,0,W00,World,H6,HS,True,TOTAL,All Commodities,0,False,C00,TOTAL CPC,0,0,TOTAL MOT,-1,N/A,0.0,False,-1,N/A,0.0,False,0.0,True,0.0,False,13225367810.0,12983302834.0,13225367810.0,4,False,True
C,A,20220101,2022,52,2022,842,USA,USA,M,Import,646,RWA,Rwanda,0,W00,World,H6,HS,True,TOTAL,All Commodities,0,False,C00,TOTAL CPC,0,0,TOTAL MOT,-1,N/A,0.0,False,-1,N/A,0.0,False,0.0,True,0.0,False,59362885.0,57332094.0,59362885.0,4,False,True
C,A,20220101,2022,52,2022,842,USA,USA,M,Import,508,MOZ,Mozambique,0,W00,World,H6,HS,True,TOTAL,All Commodities,0,False,C00,TOTAL CPC,0,0,TOTAL MOT,-1,N/A,0.0,False,-1,N/A,0.0,False,0.0,True,0.0,False,180522561.0,176981889.0,180522561.0,4,False,True
C,A,20220101,2022,52,2022,842,USA,USA,M,Import,92,VGB,Br. Virgin Isds,0,W00,World,H6,HS,True,TOTAL,All Commodities,0,False,C00,TOTAL CPC,0,0,TOTAL MOT,-1,N/A,0.0,False,-1,N/A,0.0,False,0.0,True,0.0,False,4601517.0,4417540.0,4601517.0,4,False,True
C,A,20220101,2022,52,2022,842,USA,USA,M,Import,320,GTM,Guatemala,0,W00,World,H6,HS,True,TOTAL,All Commodities,0,False,C00,TOTAL CPC,0,0,TOTAL MOT,-1,N/A,0.0,False,-1,N/A,0.0,False,0.0,True,0.0,False,5795784806.0,5313477459.0,5795784806.0,4,False,True
C,A,20220101,2022,52,2022,842,USA,USA,M,Import,246,FIN,Finland,0,W00,World,H6,HS,True,TOTAL,All Commodities,0,False,C00,TOTAL CPC,0,0,TOTAL MOT,-1,N/A,0.0,False,-1,N/A,0.0,False,0.0,True,0.0,False,8995330259.0,8708068124.0,8995330259.0,4,False,True
C,A,20220101,2022,52,2022,842,USA,USA,M,Import,275,PSE,State of Palestine,0,W00,World,H6,HS,True,TOTAL,All Commodities,0,False,C00,TOTAL CPC,0,0,TOTAL MOT,-1,N/A,0.0,False,-1,N/A,0.0,False,0.0,True,0.0,False,11299977.0,9439565.0,11299977.0,4,False,True
C,A,20220101,2022,52,2022,842,USA,USA,M,Import,702,SGP,Singapore,0,W00,World,H6,HS,True,TOTAL,All Commodities,0,False,C00,TOTAL CPC,0,0,TOTAL MOT,-1,N/A,0.0,False,-1,N/A,0.0,False,0.0,True,0.0,False,32140706291.0,31643900346.0,32140706291.0,4,False,True
C,A,20220101,2022,52,2022,842,USA,USA,M,Import,60,BMU,Bermuda,0,W00,World,H6,HS,True,TOTAL,All Commodities,0,False,C00,TOTAL CPC,0,0,TOTAL MOT,-1,N/A,0.0,False,-1,N/A,0.0,False,0.0,True,0.0,False,14518593.0,14207705.0,14518593.0,4,False,True
C,A,20220101,2022,52,2022,842,USA,USA,M,Import,434,LBY,Libya,0,W00,World,H6,HS,True,TOTAL,All Commodities,0,False,C00,TOTAL CPC,0,0,TOTAL MOT,-1,N/A,0.0,False,-1,N/A,0.0,False,0.0,True,0.0,False,2245818944.0,2204083344.0,2245818944.0,4,False,True
C,A,20220101,2022,52,2022,842,USA,USA,M,Import,516,NAM,Namibia,0,W00,World,H6,HS,True,TOTAL,All Commodities,0,False,C00,TOTAL CPC,0,0,TOTAL MOT,-1,N/A,0.0,False,-1,N/A,0.0,False,0.0,True,0.0,False,254209265.0,249393366.0,254209265.0,4,False,True
C,A,20220101,2022,52,2022,842,USA,USA,M,Import,882,WSM,Samoa,0,W00,World,H6,HS,True,TOTAL,All Commodities,0,False,C00,TOTAL CPC,0,0,TOTAL MOT,-1,N/A,0.0,False,-1,N/A,0.0,False,0.0,True,0.0,False,10267762.0,9398214.0,10267762.0,4,False,True
C,A,20220101,2022,52,2022,842,USA,USA,M,Import,234,FRO,Faeroe Isds,0,W00,World,H6,HS,True,TOTAL,All Commodities,0,False,C00,TOTAL CPC,0,0,TOTAL MOT,-1,N/A,0.0,False,-1,N/A,0.0,False,0.0,True,0.0,False,289474584.0,252878482.0,289474584.0,4,False,True
C,A,20220101,2022,52,2022,842,USA,USA,M,Import,52,BRB,Barbados,0,W00,World,H6,HS,True,TOTAL,All Commodities,0,False,C00,TOTAL CPC,0,0,TOTAL MOT,-1,N/A,0.0,False,-1,N/A,0.0,False,0.0,True,0.0,False,54483990.0,52225247.0,54483990.0,4,False,True
C,A,20220101,2022,52,2022,842,USA,USA,M,Import,760,SYR,Syria,0,W00,World,H6,HS,True,TOTAL,All Commodities,0,False,C00,TOTAL CPC,0,0,TOTAL MOT,-1,N/A,0.0,False,-1,N/A,0.0,False,0.0,True,0.0,False,9708555.0,8771320.0,9708555.0,4,False,True
C,A,20220101,2022,52,2022,842,USA,USA,M,Import,76,BRA,Brazil,0,W00,World,H6,HS,True,TOTAL,All Commodities,0,False,C00,TOTAL CPC,0,0,TOTAL MOT,-1,N/A,0.0,False,-1,N/A,0.0,False,0.0,True,0.0,False,41370520130.0,39026882461.0,41370520130.0,4,False,True
C,A,20220101,2022,52,2022,842,USA,USA,M,Import,591,PAN,Panama,0,W00,World,H6,HS,True,TOTAL,All Commodities,0,False,C00,TOTAL CPC,0,0,TOTAL MOT,-1,N/A,0.0,False,-1,N/A,0.0,False,0.0,True,0.0,False,549168988.0,522856710.0,549168988.0,4,False,True
C,A,20220101,2022,52,2022,842,USA,USA,M,Import,214,DOM,Dominican Rep.,0,W00,World,H6,HS,True,TOTAL,All Commodities,0,False,C00,TOTAL CPC,0,0,TOTAL MOT,-1,N/A,0.0,False,-1,N/A,0.0,False,0.0,True,0.0,False,7143326979.0,6916102819.0,7143326979.0,4,False,True
C,A,20220101,2022,52,2022,842,USA,USA,M,Import,533,ABW,Aruba,0,W00,World,H6,HS,True,TOTAL,All Commodities,0,False,C00,TOTAL CPC,0,0,TOTAL MOT,-1,N/A,0.0,False,-1,N/A,0.0,False,0.0,True,0.0,False,15060823.0,14550127.0,15060823.0,4,False,True
C,A,20220101,2022,52,2022,842,USA,USA,M,Import,108,BDI,Burundi,0,W00,World,H6,HS,True,TOTAL,All Commodities,0,False,C00,TOTAL CPC,0,0,TOTAL MOT,-1,N/A,0.0,False,-1,N/A,0.0,False,0.0,True,0.0,False,7874410.0,7763315.0,7874410.0,4,False,True
C,A,20220101,2022,52,2022,842,USA,USA,M,Import,112,BLR,Belarus,0,W00,World,H6,HS,True,TOTAL,All Commodities,0,False,C00,TOTAL CPC,0,0,TOTAL MOT,-1,N/A,0.0,False,-1,N/A,0.0,False,0.0,True,0.0,False,224082342.0,208435379.0,224082342.0,4,False,True
C,A,20220101,2022,52,2022,842,USA,USA,M,Import,300,GRC,Greece,0,W00,World,H6,HS,True,TOTAL,All Commodities,0,False,C00,TOTAL CPC,0,0,TOTAL MOT,-1,N/A,0.0,False,-1,N/A,0.0,False,0.0,True,0.0,False,2499183258.0,2283233450.0,2499183258.0,4,False,True
C,A,20220101,2022,52,2022,842,USA,USA,M,Import,166,CCK,Cocos Isds,0,W00,World,H6,HS,True,TOTAL,All Commodities,0,False,C00,TOTAL CPC,0,0,TOTAL MOT,-1,N/A,0.0,False,-1,N/A,0.0,False,0.0,True,0.0,False,1451424.0,1342609.0,1451424.0,4,False,True
C,A,20220101,2022,52,2022,842,USA,USA,M,Import,626,TLS,Timor-Leste,0,W00,World,H6,HS,True,TOTAL,All Commodities,0,False,C00,TOTAL CPC,0,0,TOTAL MOT,-1,N/A,0.0,False,-1,N/A,0.0,False,0.0,True,0.0,False,10659691.0,10439867.0,10659691.0,4,False,True
C,A,20220101,2022,52,2022,842,USA,USA,M,Import,266,GAB,Gabon,0,W00,World,H6,HS,True,TOTAL,All Commodities,0,False,C00,TOTAL CPC,0,0,TOTAL MOT,-1,N/A,0.0,False,-1,N/A,0.0,False,0.0,True,0.0,False,235115160.0,220216020.0,235115160.0,4,False,True
C,A,20220101,2022,52,2022,842,USA,USA,M,Import,348,HUN,Hungary,0,W00,World,H6,HS,True,TOTAL,All Commodities,0,False,C00,TOTAL CPC,0,0,TOTAL MOT,-1,N/A,0.0,False,-1,N/A,0.0,False,0.0,True,0.0,False,7892666232.0,7704841460.0,7892666232.0,4,False,True
C,A,20220101,2022,52,2022,842,USA,USA,M,Import,585,PLW,Palau,0,W00,World,H6,HS,True,TOTAL,All Commodities,0,False,C00,TOTAL CPC,0,0,TOTAL MOT,-1,N/A,0.0,False,-1,N/A,0.0,False,0.0,True,0.0,False,802430.0,736406.0,802430.0,4,False,True
C,A,20220101,2022,52,2022,842,USA,USA,M,Import,28,ATG,Antigua and Barbuda,0,W00,World,H6,HS,True,TOTAL,All Commodities,0,False,C00,TOTAL CPC,0,0,TOTAL MOT,-1,N/A,0.0,False,-1,N/A,0.0,False,0.0,True,0.0,False,9117307.0,8824366.0,9117307.0,4,False,True
C,A,20220101,2022,52,2022,842,USA,USA,M,Import,276,DEU,Germany,0,W00,World,H6,HS,True,TOTAL,All Commodities,0,False,C00,TOTAL CPC,0,0,TOTAL MOT,-1,N/A,0.0,False,-1,N/A,0.0,False,0.0,True,0.0,False,150408499381.0,146555381930.0,150408499381.0,4,False,True
C,A,20220101,2022,52,2022,842,USA,USA,M,Import,440,LTU,Lithuania,0,W00,World,H6,HS,True,TOTAL,All Commodities,0,False,C00,TOTAL CPC,0,0,TOTAL MOT,-1,N/A,0.0,False,-1,N/A,0.0,False,0.0,True,0.0,False,2777725054.0,2629771188.0,2777725054.0,4,False,True
C,A,20220101,2022,52,2022,842,USA,USA,M,Import,352,ISL,Iceland,0,W00,World,H6,HS,True,TOTAL,All Commodities,0,False,C00,TOTAL CPC,0,0,TOTAL MOT,-1,N/A,0.0,False,-1,N/A,0.0,False,0.0,True,0.0,False,759732707.0,717368740.0,759732707.0,4,False,True
C,A,20220101,2022,52,2022,842,USA,USA,M,Import,784,ARE,United Arab Emirates,0,W00,World,H6,HS,True,TOTAL,All Commodities,0,False,C00,TOTAL CPC,0,0,TOTAL MOT,-1,N/A,0.0,False,-1,N/A,0.0,False,0.0,True,0.0,False,7314017138.0,6907128618.0,7314017138.0,4,False,True
C,A,20220101,2022,52,2022,842,USA,USA,M,Import,608,PHL,Philippines,0,W00,World,H6,HS,True,TOTAL,All Commodities,0,False,C00,TOTAL CPC,0,0,TOTAL MOT,-1,N/A,0.0,False,-1,N/A,0.0,False,0.0,True,0.0,False,16876576518.0,16172994552.0,16876576518.0,4,False,True
C,A,20220101,2022,52,2022,842,USA,USA,M,Import,442,LUX,Luxembourg,0,W00,World,H6,HS,True,TOTAL,All Commodities,0,False,C00,TOTAL CPC,0,0,TOTAL MOT,-1,N/A,0.0,False,-1,N/A,0.0,False,0.0,True,0.0,False,773544025.0,742826694.0,773544025.0,4,False,True
C,A,20220101,2022,52,2022,842,USA,USA,M,Import,654,SHN,Saint Helena,0,W00,World,H6,HS,True,TOTAL,All Commodities,0,False,C00,TOTAL CPC,0,0,TOTAL MOT,-1,N/A,0.0,False,-1,N/A,0.0,False,0.0,True,0.0,False,22058337.0,21570581.0,22058337.0,4,False,True
C,A,20220101,2022,52,2022,842,USA,USA,M,Import,226,GNQ,Equatorial Guinea,0,W00,World,H6,HS,True,TOTAL,All Commodities,0,False,C00,TOTAL CPC,0,0,TOTAL MOT,-1,N/A,0.0,False,-1,N/A,0.0,False,0.0,True,0.0,False,232874030.0,220708558.0,232874030.0,4,False,True
C,A,20220101,2022,52,2022,842,USA,USA,M,Import,554,NZL,New Zealand,0,W00,World,H6,HS,True,TOTAL,All Commodities,0,False,C00,TOTAL CPC,0,0,TOTAL MOT,-1,N/A,0.0,False,-1,N/A,0.0,False,0.0,True,0.0,False,5633932244.0,5379636588.0,5633932244.0,4,False,True
C,A,20220101,2022,52,2022,842,USA,USA,M,Import,458,MYS,Malaysia,0,W00,World,H6,HS,True,TOTAL,All Commodities,0,False,C00,TOTAL CPC,0,0,TOTAL MOT,-1,N/A,0.0,False,-1,N/A,0.0,False,0.0,True,0.0,False,56896643094.0,54752365789.0,56896643094.0,4,False,True
C,A,20220101,2022,52,2022,842,USA,USA,M,Import,860,UZB,Uzbekistan,0,W00,World,H6,HS,True,TOTAL,All Commodities,0,False,C00,TOTAL CPC,0,0,TOTAL MOT,-1,N/A,0.0,False,-1,N/A,0.0,False,0.0,True,0.0,False,61036309.0,59015539.0,61036309.0,4,False,True
